"id";"startTime";"calendarDate";"createdAt";"updatedAt";"SessionId"
1;15;"2020-09-07 19:00:28";"2020-09-14 02:52:28";"2020-09-14 02:52:28";1
2;15;"2020-09-09 19:00:28";"2020-09-14 02:52:28";"2020-09-14 02:52:28";1
3;15;"2020-09-21 19:00:28";"2020-09-14 02:52:28";"2020-09-14 02:52:28";1
4;15;"2020-09-14 19:00:28";"2020-09-14 02:52:28";"2020-09-14 02:52:28";1
5;15;"2020-09-16 19:00:28";"2020-09-14 02:52:28";"2020-09-14 02:52:28";1
6;15;"2020-09-28 19:00:28";"2020-09-14 02:52:28";"2020-09-14 02:52:28";1
7;15;"2020-09-30 19:00:28";"2020-09-14 02:52:28";"2020-09-14 02:52:28";1
8;15;"2020-10-07 19:00:28";"2020-09-14 02:52:28";"2020-09-14 02:52:28";1
9;15;"2020-10-12 19:00:28";"2020-09-14 02:52:28";"2020-09-14 02:52:28";1
10;15;"2020-10-14 19:00:28";"2020-09-14 02:52:28";"2020-09-14 02:52:28";1
11;15;"2020-10-05 19:00:28";"2020-09-14 02:52:28";"2020-09-14 02:52:28";1
12;15;"2020-09-23 19:00:28";"2020-09-14 02:52:28";"2020-09-14 02:52:28";1
13;15;"2020-10-19 19:00:28";"2020-09-14 02:52:28";"2020-09-14 02:52:28";1
14;15;"2020-10-21 19:00:28";"2020-09-14 02:52:28";"2020-09-14 02:52:28";1
15;15;"2020-10-26 19:00:28";"2020-09-14 02:52:28";"2020-09-14 02:52:28";1
16;15;"2020-10-28 19:00:28";"2020-09-14 02:52:28";"2020-09-14 02:52:28";1
17;15;"2020-11-02 20:00:28";"2020-09-14 02:52:28";"2020-09-14 02:52:28";1
18;15;"2020-11-04 20:00:28";"2020-09-14 02:52:28";"2020-09-14 02:52:28";1
19;15;"2020-11-09 20:00:28";"2020-09-14 02:52:28";"2020-09-14 02:52:28";1
20;15;"2020-11-11 20:00:28";"2020-09-14 02:52:28";"2020-09-14 02:52:28";1
21;15;"2020-11-16 20:00:28";"2020-09-14 02:52:28";"2020-09-14 02:52:28";1
22;15;"2020-11-18 20:00:28";"2020-09-14 02:52:28";"2020-09-14 02:52:28";1
23;15;"2020-11-23 20:00:28";"2020-09-14 02:52:28";"2020-09-14 02:52:28";1
24;15;"2020-11-25 20:00:28";"2020-09-14 02:52:28";"2020-09-14 02:52:28";1
25;15;"2020-11-30 20:00:28";"2020-09-14 02:52:28";"2020-09-14 02:52:28";1
26;15;"2020-12-02 20:00:28";"2020-09-14 02:52:28";"2020-09-14 02:52:28";1
27;15;"2020-12-07 20:00:28";"2020-09-14 02:52:28";"2020-09-14 02:52:28";1
28;15;"2020-12-09 20:00:28";"2020-09-14 02:52:28";"2020-09-14 02:52:28";1
29;15;"2020-12-14 20:00:28";"2020-09-14 02:52:28";"2020-09-14 02:52:28";1
30;15;"2020-12-16 20:00:28";"2020-09-14 02:52:28";"2020-09-14 02:52:28";1
31;16;"2020-09-07 20:00:38";"2020-09-14 02:59:38";"2020-09-14 02:59:38";2
32;16;"2020-09-09 20:00:38";"2020-09-14 02:59:38";"2020-09-14 02:59:38";2
33;16;"2020-09-23 20:00:38";"2020-09-14 02:59:38";"2020-09-14 02:59:38";2
34;16;"2020-09-14 20:00:38";"2020-09-14 02:59:38";"2020-09-14 02:59:38";2
35;16;"2020-09-16 20:00:38";"2020-09-14 02:59:38";"2020-09-14 02:59:38";2
36;16;"2020-09-21 20:00:38";"2020-09-14 02:59:38";"2020-09-14 02:59:38";2
37;16;"2020-09-30 20:00:38";"2020-09-14 02:59:38";"2020-09-14 02:59:38";2
38;16;"2020-10-05 20:00:38";"2020-09-14 02:59:38";"2020-09-14 02:59:38";2
39;16;"2020-10-07 20:00:38";"2020-09-14 02:59:38";"2020-09-14 02:59:38";2
40;16;"2020-10-12 20:00:38";"2020-09-14 02:59:38";"2020-09-14 02:59:38";2
41;16;"2020-10-14 20:00:38";"2020-09-14 02:59:38";"2020-09-14 02:59:38";2
42;16;"2020-09-28 20:00:38";"2020-09-14 02:59:38";"2020-09-14 02:59:38";2
43;16;"2020-10-19 20:00:38";"2020-09-14 02:59:38";"2020-09-14 02:59:38";2
44;16;"2020-10-21 20:00:38";"2020-09-14 02:59:38";"2020-09-14 02:59:38";2
45;16;"2020-10-26 20:00:38";"2020-09-14 02:59:38";"2020-09-14 02:59:38";2
46;16;"2020-10-28 20:00:38";"2020-09-14 02:59:38";"2020-09-14 02:59:38";2
47;16;"2020-11-02 21:00:38";"2020-09-14 02:59:38";"2020-09-14 02:59:38";2
48;16;"2020-11-04 21:00:38";"2020-09-14 02:59:38";"2020-09-14 02:59:38";2
49;16;"2020-11-09 21:00:38";"2020-09-14 02:59:38";"2020-09-14 02:59:38";2
50;16;"2020-11-11 21:00:38";"2020-09-14 02:59:38";"2020-09-14 02:59:38";2
51;16;"2020-11-16 21:00:38";"2020-09-14 02:59:38";"2020-09-14 02:59:38";2
52;16;"2020-11-18 21:00:38";"2020-09-14 02:59:38";"2020-09-14 02:59:38";2
53;16;"2020-11-23 21:00:38";"2020-09-14 02:59:38";"2020-09-14 02:59:38";2
54;16;"2020-11-25 21:00:38";"2020-09-14 02:59:38";"2020-09-14 02:59:38";2
55;16;"2020-11-30 21:00:38";"2020-09-14 02:59:38";"2020-09-14 02:59:38";2
56;16;"2020-12-02 21:00:38";"2020-09-14 02:59:38";"2020-09-14 02:59:38";2
57;16;"2020-12-07 21:00:38";"2020-09-14 02:59:38";"2020-09-14 02:59:38";2
58;16;"2020-12-09 21:00:38";"2020-09-14 02:59:38";"2020-09-14 02:59:38";2
59;16;"2020-12-14 21:00:38";"2020-09-14 02:59:38";"2020-09-14 02:59:38";2
60;16;"2020-12-16 21:00:38";"2020-09-14 02:59:38";"2020-09-14 02:59:38";2
61;17;"2020-09-07 21:00:44";"2020-09-14 03:01:44";"2020-09-14 03:01:44";3
62;17;"2020-09-09 21:00:44";"2020-09-14 03:01:44";"2020-09-14 03:01:44";3
63;17;"2020-09-21 21:00:44";"2020-09-14 03:01:44";"2020-09-14 03:01:44";3
64;17;"2020-09-14 21:00:44";"2020-09-14 03:01:44";"2020-09-14 03:01:44";3
65;17;"2020-09-16 21:00:44";"2020-09-14 03:01:44";"2020-09-14 03:01:44";3
66;17;"2020-09-28 21:00:44";"2020-09-14 03:01:44";"2020-09-14 03:01:44";3
67;17;"2020-09-30 21:00:44";"2020-09-14 03:01:44";"2020-09-14 03:01:44";3
68;17;"2020-10-07 21:00:44";"2020-09-14 03:01:44";"2020-09-14 03:01:44";3
69;17;"2020-10-12 21:00:44";"2020-09-14 03:01:44";"2020-09-14 03:01:44";3
70;17;"2020-10-14 21:00:44";"2020-09-14 03:01:44";"2020-09-14 03:01:44";3
71;17;"2020-10-05 21:00:44";"2020-09-14 03:01:44";"2020-09-14 03:01:44";3
72;17;"2020-09-23 21:00:44";"2020-09-14 03:01:44";"2020-09-14 03:01:44";3
73;17;"2020-10-19 21:00:44";"2020-09-14 03:01:44";"2020-09-14 03:01:44";3
74;17;"2020-10-21 21:00:44";"2020-09-14 03:01:44";"2020-09-14 03:01:44";3
75;17;"2020-10-26 21:00:44";"2020-09-14 03:01:44";"2020-09-14 03:01:44";3
76;17;"2020-10-28 21:00:44";"2020-09-14 03:01:44";"2020-09-14 03:01:44";3
77;17;"2020-11-02 22:00:44";"2020-09-14 03:01:44";"2020-09-14 03:01:44";3
78;17;"2020-11-04 22:00:44";"2020-09-14 03:01:44";"2020-09-14 03:01:44";3
79;17;"2020-11-09 22:00:44";"2020-09-14 03:01:44";"2020-09-14 03:01:44";3
80;17;"2020-11-11 22:00:44";"2020-09-14 03:01:44";"2020-09-14 03:01:44";3
81;17;"2020-11-16 22:00:44";"2020-09-14 03:01:44";"2020-09-14 03:01:44";3
82;17;"2020-11-18 22:00:44";"2020-09-14 03:01:44";"2020-09-14 03:01:44";3
83;17;"2020-11-23 22:00:44";"2020-09-14 03:01:44";"2020-09-14 03:01:44";3
84;17;"2020-11-25 22:00:44";"2020-09-14 03:01:44";"2020-09-14 03:01:44";3
85;17;"2020-11-30 22:00:44";"2020-09-14 03:01:44";"2020-09-14 03:01:44";3
86;17;"2020-12-02 22:00:44";"2020-09-14 03:01:44";"2020-09-14 03:01:44";3
87;17;"2020-12-07 22:00:44";"2020-09-14 03:01:44";"2020-09-14 03:01:44";3
88;17;"2020-12-09 22:00:44";"2020-09-14 03:01:44";"2020-09-14 03:01:44";3
89;17;"2020-12-14 22:00:44";"2020-09-14 03:01:44";"2020-09-14 03:01:44";3
90;17;"2020-12-16 22:00:44";"2020-09-14 03:01:44";"2020-09-14 03:01:44";3
91;18;"2020-09-07 22:00:00";"2020-09-14 03:03:00";"2020-09-14 03:03:00";4
92;18;"2020-09-09 22:00:00";"2020-09-14 03:03:00";"2020-09-14 03:03:00";4
93;18;"2020-09-14 22:00:00";"2020-09-14 03:03:00";"2020-09-14 03:03:00";4
94;18;"2020-09-16 22:00:00";"2020-09-14 03:03:00";"2020-09-14 03:03:00";4
95;18;"2020-09-23 22:00:00";"2020-09-14 03:03:00";"2020-09-14 03:03:00";4
96;18;"2020-09-30 22:00:00";"2020-09-14 03:03:00";"2020-09-14 03:03:00";4
97;18;"2020-10-05 22:00:00";"2020-09-14 03:03:00";"2020-09-14 03:03:00";4
98;18;"2020-09-21 22:00:00";"2020-09-14 03:03:00";"2020-09-14 03:03:00";4
99;18;"2020-10-07 22:00:00";"2020-09-14 03:03:00";"2020-09-14 03:03:00";4
100;18;"2020-10-12 22:00:00";"2020-09-14 03:03:00";"2020-09-14 03:03:00";4
101;18;"2020-09-28 22:00:00";"2020-09-14 03:03:00";"2020-09-14 03:03:00";4
102;18;"2020-10-14 22:00:00";"2020-09-14 03:03:00";"2020-09-14 03:03:00";4
103;18;"2020-10-19 22:00:00";"2020-09-14 03:03:00";"2020-09-14 03:03:00";4
104;18;"2020-10-21 22:00:00";"2020-09-14 03:03:00";"2020-09-14 03:03:00";4
105;18;"2020-10-26 22:00:00";"2020-09-14 03:03:00";"2020-09-14 03:03:00";4
106;18;"2020-10-28 22:00:00";"2020-09-14 03:03:00";"2020-09-14 03:03:00";4
107;18;"2020-11-02 23:00:00";"2020-09-14 03:03:00";"2020-09-14 03:03:00";4
108;18;"2020-11-04 23:00:00";"2020-09-14 03:03:00";"2020-09-14 03:03:00";4
109;18;"2020-11-09 23:00:00";"2020-09-14 03:03:00";"2020-09-14 03:03:00";4
110;18;"2020-11-11 23:00:00";"2020-09-14 03:03:00";"2020-09-14 03:03:00";4
111;18;"2020-11-16 23:00:00";"2020-09-14 03:03:00";"2020-09-14 03:03:00";4
112;18;"2020-11-18 23:00:00";"2020-09-14 03:03:00";"2020-09-14 03:03:00";4
113;18;"2020-11-23 23:00:00";"2020-09-14 03:03:00";"2020-09-14 03:03:00";4
114;18;"2020-11-25 23:00:00";"2020-09-14 03:03:00";"2020-09-14 03:03:00";4
115;18;"2020-11-30 23:00:00";"2020-09-14 03:03:00";"2020-09-14 03:03:00";4
116;18;"2020-12-02 23:00:00";"2020-09-14 03:03:00";"2020-09-14 03:03:00";4
117;18;"2020-12-07 23:00:00";"2020-09-14 03:03:00";"2020-09-14 03:03:00";4
118;18;"2020-12-09 23:00:00";"2020-09-14 03:03:00";"2020-09-14 03:03:00";4
119;18;"2020-12-14 23:00:00";"2020-09-14 03:03:00";"2020-09-14 03:03:00";4
120;18;"2020-12-16 23:00:00";"2020-09-14 03:03:00";"2020-09-14 03:03:00";4
121;19;"2020-09-07 23:00:17";"2020-09-14 03:12:17";"2020-09-14 03:12:17";5
122;19;"2020-09-09 23:00:17";"2020-09-14 03:12:17";"2020-09-14 03:12:17";5
123;19;"2020-09-21 23:00:17";"2020-09-14 03:12:17";"2020-09-14 03:12:17";5
124;19;"2020-09-14 23:00:17";"2020-09-14 03:12:17";"2020-09-14 03:12:17";5
125;19;"2020-09-16 23:00:17";"2020-09-14 03:12:17";"2020-09-14 03:12:17";5
126;19;"2020-09-28 23:00:17";"2020-09-14 03:12:17";"2020-09-14 03:12:17";5
127;19;"2020-09-30 23:00:17";"2020-09-14 03:12:17";"2020-09-14 03:12:17";5
128;19;"2020-10-07 23:00:17";"2020-09-14 03:12:17";"2020-09-14 03:12:17";5
129;19;"2020-10-12 23:00:17";"2020-09-14 03:12:17";"2020-09-14 03:12:17";5
130;19;"2020-10-14 23:00:17";"2020-09-14 03:12:17";"2020-09-14 03:12:17";5
131;19;"2020-10-05 23:00:17";"2020-09-14 03:12:17";"2020-09-14 03:12:17";5
132;19;"2020-09-23 23:00:17";"2020-09-14 03:12:17";"2020-09-14 03:12:17";5
133;19;"2020-10-19 23:00:17";"2020-09-14 03:12:17";"2020-09-14 03:12:17";5
134;19;"2020-10-21 23:00:17";"2020-09-14 03:12:17";"2020-09-14 03:12:17";5
135;19;"2020-10-26 23:00:17";"2020-09-14 03:12:17";"2020-09-14 03:12:17";5
136;19;"2020-10-28 23:00:17";"2020-09-14 03:12:17";"2020-09-14 03:12:17";5
137;19;"2020-11-03 00:00:17";"2020-09-14 03:12:17";"2020-09-14 03:12:17";5
138;19;"2020-11-05 00:00:17";"2020-09-14 03:12:17";"2020-09-14 03:12:17";5
139;19;"2020-11-10 00:00:17";"2020-09-14 03:12:17";"2020-09-14 03:12:17";5
140;19;"2020-11-12 00:00:17";"2020-09-14 03:12:17";"2020-09-14 03:12:17";5
141;19;"2020-11-17 00:00:17";"2020-09-14 03:12:17";"2020-09-14 03:12:17";5
142;19;"2020-11-19 00:00:17";"2020-09-14 03:12:17";"2020-09-14 03:12:17";5
143;19;"2020-11-24 00:00:17";"2020-09-14 03:12:17";"2020-09-14 03:12:17";5
144;19;"2020-11-26 00:00:17";"2020-09-14 03:12:17";"2020-09-14 03:12:17";5
145;19;"2020-12-01 00:00:17";"2020-09-14 03:12:17";"2020-09-14 03:12:17";5
146;19;"2020-12-03 00:00:17";"2020-09-14 03:12:17";"2020-09-14 03:12:17";5
147;19;"2020-12-08 00:00:17";"2020-09-14 03:12:17";"2020-09-14 03:12:17";5
148;19;"2020-12-10 00:00:17";"2020-09-14 03:12:17";"2020-09-14 03:12:17";5
149;19;"2020-12-15 00:00:17";"2020-09-14 03:12:17";"2020-09-14 03:12:17";5
150;19;"2020-12-17 00:00:17";"2020-09-14 03:12:17";"2020-09-14 03:12:17";5
151;10;"2020-09-08 14:00:15";"2020-09-14 03:15:15";"2020-09-14 03:15:15";6
152;10;"2020-09-09 14:00:15";"2020-09-14 03:15:15";"2020-09-14 03:15:15";6
153;10;"2020-09-18 14:00:15";"2020-09-14 03:15:15";"2020-09-14 03:15:15";6
154;10;"2020-09-11 14:00:15";"2020-09-14 03:15:15";"2020-09-14 03:15:15";6
155;10;"2020-09-15 14:00:15";"2020-09-14 03:15:15";"2020-09-14 03:15:15";6
156;10;"2020-09-16 14:00:15";"2020-09-14 03:15:15";"2020-09-14 03:15:15";6
157;10;"2020-09-23 14:00:15";"2020-09-14 03:15:15";"2020-09-14 03:15:15";6
158;10;"2020-09-25 14:00:15";"2020-09-14 03:15:15";"2020-09-14 03:15:15";6
159;10;"2020-09-29 14:00:15";"2020-09-14 03:15:15";"2020-09-14 03:15:15";6
160;10;"2020-09-30 14:00:15";"2020-09-14 03:15:15";"2020-09-14 03:15:15";6
161;10;"2020-10-02 14:00:15";"2020-09-14 03:15:15";"2020-09-14 03:15:15";6
162;10;"2020-09-22 14:00:15";"2020-09-14 03:15:15";"2020-09-14 03:15:15";6
163;10;"2020-10-06 14:00:15";"2020-09-14 03:15:15";"2020-09-14 03:15:15";6
164;10;"2020-10-07 14:00:15";"2020-09-14 03:15:15";"2020-09-14 03:15:15";6
165;10;"2020-10-09 14:00:15";"2020-09-14 03:15:15";"2020-09-14 03:15:15";6
166;10;"2020-10-13 14:00:15";"2020-09-14 03:15:15";"2020-09-14 03:15:15";6
167;10;"2020-10-14 14:00:15";"2020-09-14 03:15:15";"2020-09-14 03:15:15";6
168;10;"2020-10-16 14:00:15";"2020-09-14 03:15:15";"2020-09-14 03:15:15";6
169;10;"2020-10-20 14:00:15";"2020-09-14 03:15:15";"2020-09-14 03:15:15";6
170;10;"2020-10-21 14:00:15";"2020-09-14 03:15:15";"2020-09-14 03:15:15";6
171;10;"2020-10-23 14:00:15";"2020-09-14 03:15:15";"2020-09-14 03:15:15";6
172;10;"2020-10-27 14:00:15";"2020-09-14 03:15:15";"2020-09-14 03:15:15";6
173;10;"2020-10-28 14:00:15";"2020-09-14 03:15:15";"2020-09-14 03:15:15";6
174;10;"2020-10-30 14:00:15";"2020-09-14 03:15:15";"2020-09-14 03:15:15";6
175;10;"2020-11-03 15:00:15";"2020-09-14 03:15:15";"2020-09-14 03:15:15";6
176;10;"2020-11-04 15:00:15";"2020-09-14 03:15:15";"2020-09-14 03:15:15";6
177;10;"2020-11-06 15:00:15";"2020-09-14 03:15:15";"2020-09-14 03:15:15";6
178;10;"2020-11-10 15:00:15";"2020-09-14 03:15:15";"2020-09-14 03:15:15";6
179;10;"2020-11-11 15:00:15";"2020-09-14 03:15:15";"2020-09-14 03:15:15";6
180;10;"2020-11-13 15:00:15";"2020-09-14 03:15:15";"2020-09-14 03:15:15";6
181;10;"2020-11-17 15:00:15";"2020-09-14 03:15:15";"2020-09-14 03:15:15";6
182;10;"2020-11-18 15:00:15";"2020-09-14 03:15:15";"2020-09-14 03:15:15";6
183;10;"2020-11-20 15:00:15";"2020-09-14 03:15:15";"2020-09-14 03:15:15";6
184;10;"2020-11-24 15:00:15";"2020-09-14 03:15:15";"2020-09-14 03:15:15";6
185;10;"2020-11-25 15:00:15";"2020-09-14 03:15:15";"2020-09-14 03:15:15";6
186;10;"2020-11-27 15:00:15";"2020-09-14 03:15:15";"2020-09-14 03:15:15";6
187;10;"2020-12-01 15:00:15";"2020-09-14 03:15:15";"2020-09-14 03:15:15";6
188;10;"2020-12-02 15:00:15";"2020-09-14 03:15:15";"2020-09-14 03:15:15";6
189;10;"2020-12-04 15:00:15";"2020-09-14 03:15:15";"2020-09-14 03:15:15";6
190;10;"2020-12-08 15:00:15";"2020-09-14 03:15:15";"2020-09-14 03:15:15";6
191;10;"2020-12-09 15:00:15";"2020-09-14 03:15:15";"2020-09-14 03:15:15";6
192;10;"2020-12-11 15:00:15";"2020-09-14 03:15:15";"2020-09-14 03:15:15";6
193;10;"2020-12-15 15:00:15";"2020-09-14 03:15:15";"2020-09-14 03:15:15";6
194;10;"2020-12-16 15:00:15";"2020-09-14 03:15:15";"2020-09-14 03:15:15";6
195;10;"2020-12-18 15:00:15";"2020-09-14 03:15:15";"2020-09-14 03:15:15";6
196;15;"2020-09-15 19:00:06";"2020-09-14 03:17:06";"2020-09-14 03:17:06";7
197;15;"2020-09-22 19:00:06";"2020-09-14 03:17:06";"2020-09-14 03:17:06";7
198;15;"2020-10-20 19:00:06";"2020-09-14 03:17:06";"2020-09-14 03:17:06";7
199;15;"2020-09-29 19:00:06";"2020-09-14 03:17:06";"2020-09-14 03:17:06";7
200;15;"2020-10-06 19:00:06";"2020-09-14 03:17:06";"2020-09-14 03:17:06";7
201;15;"2020-10-13 19:00:06";"2020-09-14 03:17:06";"2020-09-14 03:17:06";7
202;15;"2020-11-03 20:00:06";"2020-09-14 03:17:06";"2020-09-14 03:17:06";7
203;15;"2020-11-10 20:00:06";"2020-09-14 03:17:06";"2020-09-14 03:17:06";7
204;15;"2020-11-17 20:00:06";"2020-09-14 03:17:06";"2020-09-14 03:17:06";7
205;15;"2020-11-24 20:00:06";"2020-09-14 03:17:06";"2020-09-14 03:17:06";7
206;15;"2020-12-01 20:00:06";"2020-09-14 03:17:06";"2020-09-14 03:17:06";7
207;15;"2020-10-27 19:00:06";"2020-09-14 03:17:06";"2020-09-14 03:17:06";7
208;15;"2020-12-08 20:00:06";"2020-09-14 03:17:06";"2020-09-14 03:17:06";7
209;15;"2020-12-15 20:00:06";"2020-09-14 03:17:06";"2020-09-14 03:17:06";7
360;16;"2020-09-08 20:00:39";"2020-09-14 03:24:39";"2020-09-14 03:24:39";14
361;16;"2020-09-10 20:00:39";"2020-09-14 03:24:39";"2020-09-14 03:24:39";14
362;16;"2020-09-15 20:00:39";"2020-09-14 03:24:39";"2020-09-14 03:24:39";14
363;16;"2020-09-17 20:00:39";"2020-09-14 03:24:39";"2020-09-14 03:24:39";14
364;16;"2020-09-29 20:00:39";"2020-09-14 03:24:39";"2020-09-14 03:24:39";14
365;16;"2020-10-01 20:00:39";"2020-09-14 03:24:39";"2020-09-14 03:24:39";14
366;16;"2020-09-24 20:00:39";"2020-09-14 03:24:39";"2020-09-14 03:24:39";14
367;16;"2020-09-22 20:00:39";"2020-09-14 03:24:39";"2020-09-14 03:24:39";14
368;16;"2020-10-06 20:00:39";"2020-09-14 03:24:39";"2020-09-14 03:24:39";14
369;16;"2020-10-08 20:00:39";"2020-09-14 03:24:39";"2020-09-14 03:24:39";14
370;16;"2020-10-13 20:00:39";"2020-09-14 03:24:39";"2020-09-14 03:24:39";14
371;16;"2020-10-15 20:00:39";"2020-09-14 03:24:39";"2020-09-14 03:24:39";14
372;16;"2020-10-20 20:00:39";"2020-09-14 03:24:39";"2020-09-14 03:24:39";14
373;16;"2020-10-22 20:00:39";"2020-09-14 03:24:39";"2020-09-14 03:24:39";14
374;16;"2020-10-27 20:00:39";"2020-09-14 03:24:39";"2020-09-14 03:24:39";14
375;16;"2020-10-29 20:00:39";"2020-09-14 03:24:39";"2020-09-14 03:24:39";14
376;16;"2020-11-03 21:00:39";"2020-09-14 03:24:39";"2020-09-14 03:24:39";14
377;16;"2020-11-05 21:00:39";"2020-09-14 03:24:39";"2020-09-14 03:24:39";14
378;16;"2020-11-10 21:00:39";"2020-09-14 03:24:39";"2020-09-14 03:24:39";14
379;16;"2020-11-12 21:00:39";"2020-09-14 03:24:39";"2020-09-14 03:24:39";14
380;16;"2020-11-17 21:00:39";"2020-09-14 03:24:39";"2020-09-14 03:24:39";14
381;16;"2020-11-19 21:00:39";"2020-09-14 03:24:39";"2020-09-14 03:24:39";14
382;16;"2020-11-24 21:00:39";"2020-09-14 03:24:39";"2020-09-14 03:24:39";14
383;16;"2020-11-26 21:00:39";"2020-09-14 03:24:39";"2020-09-14 03:24:39";14
384;16;"2020-12-01 21:00:39";"2020-09-14 03:24:39";"2020-09-14 03:24:39";14
385;16;"2020-12-03 21:00:39";"2020-09-14 03:24:39";"2020-09-14 03:24:39";14
386;16;"2020-12-08 21:00:39";"2020-09-14 03:24:39";"2020-09-14 03:24:39";14
387;16;"2020-12-10 21:00:39";"2020-09-14 03:24:39";"2020-09-14 03:24:39";14
388;16;"2020-12-15 21:00:39";"2020-09-14 03:24:39";"2020-09-14 03:24:39";14
389;16;"2020-12-17 21:00:39";"2020-09-14 03:24:39";"2020-09-14 03:24:39";14
390;17;"2020-09-08 21:00:40";"2020-09-14 03:25:40";"2020-09-14 03:25:40";15
391;17;"2020-09-10 21:00:40";"2020-09-14 03:25:40";"2020-09-14 03:25:40";15
392;17;"2020-09-15 21:00:40";"2020-09-14 03:25:40";"2020-09-14 03:25:40";15
393;17;"2020-09-17 21:00:40";"2020-09-14 03:25:40";"2020-09-14 03:25:40";15
394;17;"2020-09-29 21:00:40";"2020-09-14 03:25:40";"2020-09-14 03:25:40";15
395;17;"2020-10-01 21:00:40";"2020-09-14 03:25:40";"2020-09-14 03:25:40";15
396;17;"2020-09-24 21:00:40";"2020-09-14 03:25:40";"2020-09-14 03:25:40";15
397;17;"2020-09-22 21:00:40";"2020-09-14 03:25:40";"2020-09-14 03:25:40";15
398;17;"2020-10-06 21:00:40";"2020-09-14 03:25:40";"2020-09-14 03:25:40";15
399;17;"2020-10-08 21:00:40";"2020-09-14 03:25:40";"2020-09-14 03:25:40";15
400;17;"2020-10-13 21:00:40";"2020-09-14 03:25:40";"2020-09-14 03:25:40";15
401;17;"2020-10-15 21:00:40";"2020-09-14 03:25:40";"2020-09-14 03:25:40";15
402;17;"2020-10-20 21:00:40";"2020-09-14 03:25:40";"2020-09-14 03:25:40";15
403;17;"2020-10-22 21:00:40";"2020-09-14 03:25:40";"2020-09-14 03:25:40";15
404;17;"2020-10-27 21:00:40";"2020-09-14 03:25:40";"2020-09-14 03:25:40";15
405;17;"2020-10-29 21:00:40";"2020-09-14 03:25:40";"2020-09-14 03:25:40";15
406;17;"2020-11-03 22:00:40";"2020-09-14 03:25:40";"2020-09-14 03:25:40";15
407;17;"2020-11-05 22:00:40";"2020-09-14 03:25:40";"2020-09-14 03:25:40";15
408;17;"2020-11-10 22:00:40";"2020-09-14 03:25:40";"2020-09-14 03:25:40";15
409;17;"2020-11-12 22:00:40";"2020-09-14 03:25:40";"2020-09-14 03:25:40";15
410;17;"2020-11-17 22:00:40";"2020-09-14 03:25:40";"2020-09-14 03:25:40";15
411;17;"2020-11-19 22:00:40";"2020-09-14 03:25:40";"2020-09-14 03:25:40";15
412;17;"2020-11-24 22:00:40";"2020-09-14 03:25:40";"2020-09-14 03:25:40";15
413;17;"2020-11-26 22:00:40";"2020-09-14 03:25:40";"2020-09-14 03:25:40";15
414;17;"2020-12-01 22:00:40";"2020-09-14 03:25:40";"2020-09-14 03:25:40";15
415;17;"2020-12-03 22:00:40";"2020-09-14 03:25:40";"2020-09-14 03:25:40";15
416;17;"2020-12-08 22:00:40";"2020-09-14 03:25:40";"2020-09-14 03:25:40";15
417;17;"2020-12-10 22:00:40";"2020-09-14 03:25:40";"2020-09-14 03:25:40";15
418;17;"2020-12-15 22:00:40";"2020-09-14 03:25:40";"2020-09-14 03:25:40";15
419;17;"2020-12-17 22:00:40";"2020-09-14 03:25:40";"2020-09-14 03:25:40";15
420;18;"2020-09-15 22:00:18";"2020-09-14 03:26:18";"2020-09-14 03:26:18";16
421;18;"2020-09-22 22:00:18";"2020-09-14 03:26:18";"2020-09-14 03:26:18";16
422;18;"2020-09-29 22:00:18";"2020-09-14 03:26:18";"2020-09-14 03:26:18";16
423;18;"2020-10-13 22:00:18";"2020-09-14 03:26:18";"2020-09-14 03:26:18";16
424;18;"2020-10-27 22:00:18";"2020-09-14 03:26:18";"2020-09-14 03:26:18";16
425;18;"2020-10-06 22:00:18";"2020-09-14 03:26:18";"2020-09-14 03:26:18";16
426;18;"2020-10-20 22:00:18";"2020-09-14 03:26:18";"2020-09-14 03:26:18";16
427;18;"2020-11-03 23:00:18";"2020-09-14 03:26:18";"2020-09-14 03:26:18";16
428;18;"2020-11-17 23:00:18";"2020-09-14 03:26:18";"2020-09-14 03:26:18";16
429;18;"2020-11-24 23:00:18";"2020-09-14 03:26:18";"2020-09-14 03:26:18";16
430;18;"2020-11-10 23:00:18";"2020-09-14 03:26:18";"2020-09-14 03:26:18";16
431;18;"2020-12-01 23:00:18";"2020-09-14 03:26:18";"2020-09-14 03:26:18";16
432;18;"2020-12-08 23:00:18";"2020-09-14 03:26:18";"2020-09-14 03:26:18";16
433;18;"2020-12-15 23:00:18";"2020-09-14 03:26:18";"2020-09-14 03:26:18";16
434;18;"2020-09-10 22:00:44";"2020-09-14 03:26:44";"2020-09-14 03:26:44";6
435;18;"2020-09-17 22:00:44";"2020-09-14 03:26:44";"2020-09-14 03:26:44";6
436;18;"2020-09-24 22:00:44";"2020-09-14 03:26:44";"2020-09-14 03:26:44";6
437;18;"2020-10-01 22:00:44";"2020-09-14 03:26:44";"2020-09-14 03:26:44";6
438;18;"2020-10-15 22:00:44";"2020-09-14 03:26:44";"2020-09-14 03:26:44";6
439;18;"2020-10-22 22:00:44";"2020-09-14 03:26:44";"2020-09-14 03:26:44";6
440;18;"2020-10-08 22:00:44";"2020-09-14 03:26:44";"2020-09-14 03:26:44";6
441;18;"2020-10-29 22:00:44";"2020-09-14 03:26:44";"2020-09-14 03:26:44";6
442;18;"2020-11-05 23:00:44";"2020-09-14 03:26:44";"2020-09-14 03:26:44";6
443;18;"2020-11-12 23:00:44";"2020-09-14 03:26:44";"2020-09-14 03:26:44";6
444;18;"2020-11-26 23:00:44";"2020-09-14 03:26:44";"2020-09-14 03:26:44";6
445;18;"2020-12-03 23:00:44";"2020-09-14 03:26:44";"2020-09-14 03:26:44";6
446;18;"2020-11-19 23:00:44";"2020-09-14 03:26:44";"2020-09-14 03:26:44";6
447;18;"2020-12-10 23:00:44";"2020-09-14 03:26:44";"2020-09-14 03:26:44";6
448;18;"2020-12-17 23:00:44";"2020-09-14 03:26:44";"2020-09-14 03:26:44";6
449;19;"2020-09-15 23:00:11";"2020-09-14 03:27:11";"2020-09-14 03:27:11";18
450;19;"2020-09-17 23:00:11";"2020-09-14 03:27:11";"2020-09-14 03:27:11";18
451;19;"2020-09-22 23:00:11";"2020-09-14 03:27:11";"2020-09-14 03:27:11";18
452;19;"2020-09-24 23:00:11";"2020-09-14 03:27:11";"2020-09-14 03:27:11";18
453;19;"2020-10-06 23:00:11";"2020-09-14 03:27:11";"2020-09-14 03:27:11";18
454;19;"2020-10-01 23:00:11";"2020-09-14 03:27:11";"2020-09-14 03:27:11";18
455;19;"2020-09-29 23:00:11";"2020-09-14 03:27:11";"2020-09-14 03:27:11";18
456;19;"2020-10-08 23:00:11";"2020-09-14 03:27:11";"2020-09-14 03:27:11";18
457;19;"2020-10-13 23:00:11";"2020-09-14 03:27:11";"2020-09-14 03:27:11";18
458;19;"2020-10-15 23:00:11";"2020-09-14 03:27:11";"2020-09-14 03:27:11";18
459;19;"2020-10-20 23:00:11";"2020-09-14 03:27:11";"2020-09-14 03:27:11";18
460;19;"2020-10-22 23:00:11";"2020-09-14 03:27:11";"2020-09-14 03:27:11";18
461;19;"2020-10-27 23:00:11";"2020-09-14 03:27:11";"2020-09-14 03:27:11";18
462;19;"2020-10-29 23:00:11";"2020-09-14 03:27:11";"2020-09-14 03:27:11";18
463;19;"2020-11-04 00:00:11";"2020-09-14 03:27:11";"2020-09-14 03:27:11";18
464;19;"2020-11-06 00:00:11";"2020-09-14 03:27:11";"2020-09-14 03:27:11";18
465;19;"2020-11-11 00:00:11";"2020-09-14 03:27:11";"2020-09-14 03:27:11";18
466;19;"2020-11-13 00:00:11";"2020-09-14 03:27:11";"2020-09-14 03:27:11";18
467;19;"2020-11-18 00:00:11";"2020-09-14 03:27:11";"2020-09-14 03:27:11";18
468;19;"2020-11-20 00:00:11";"2020-09-14 03:27:11";"2020-09-14 03:27:11";18
469;19;"2020-11-25 00:00:11";"2020-09-14 03:27:11";"2020-09-14 03:27:11";18
470;19;"2020-11-27 00:00:11";"2020-09-14 03:27:11";"2020-09-14 03:27:11";18
471;19;"2020-12-02 00:00:11";"2020-09-14 03:27:11";"2020-09-14 03:27:11";18
472;19;"2020-12-04 00:00:11";"2020-09-14 03:27:11";"2020-09-14 03:27:11";18
473;19;"2020-12-09 00:00:11";"2020-09-14 03:27:11";"2020-09-14 03:27:11";18
474;19;"2020-12-11 00:00:11";"2020-09-14 03:27:11";"2020-09-14 03:27:11";18
475;19;"2020-12-16 00:00:11";"2020-09-14 03:27:11";"2020-09-14 03:27:11";18
476;19;"2020-12-18 00:00:11";"2020-09-14 03:27:11";"2020-09-14 03:27:11";18
477;15;"2020-09-10 19:00:21";"2020-09-14 03:28:21";"2020-09-14 03:28:21";19
478;15;"2020-09-17 19:00:21";"2020-09-14 03:28:21";"2020-09-14 03:28:21";19
479;15;"2020-09-24 19:00:21";"2020-09-14 03:28:21";"2020-09-14 03:28:21";19
480;15;"2020-10-15 19:00:21";"2020-09-14 03:28:21";"2020-09-14 03:28:21";19
481;15;"2020-10-01 19:00:21";"2020-09-14 03:28:21";"2020-09-14 03:28:21";19
482;15;"2020-10-08 19:00:21";"2020-09-14 03:28:21";"2020-09-14 03:28:21";19
483;15;"2020-10-29 19:00:21";"2020-09-14 03:28:21";"2020-09-14 03:28:21";19
484;15;"2020-11-05 20:00:21";"2020-09-14 03:28:21";"2020-09-14 03:28:21";19
485;15;"2020-11-12 20:00:21";"2020-09-14 03:28:21";"2020-09-14 03:28:21";19
486;15;"2020-10-22 19:00:21";"2020-09-14 03:28:21";"2020-09-14 03:28:21";19
487;15;"2020-11-26 20:00:21";"2020-09-14 03:28:21";"2020-09-14 03:28:21";19
488;15;"2020-12-03 20:00:21";"2020-09-14 03:28:21";"2020-09-14 03:28:21";19
489;15;"2020-11-19 20:00:21";"2020-09-14 03:28:21";"2020-09-14 03:28:21";19
490;15;"2020-12-10 20:00:21";"2020-09-14 03:28:21";"2020-09-14 03:28:21";19
491;15;"2020-12-17 20:00:21";"2020-09-14 03:28:21";"2020-09-14 03:28:21";19
492;14;"2020-09-11 18:00:31";"2020-09-14 03:29:31";"2020-09-14 03:29:31";20
493;14;"2020-09-18 18:00:31";"2020-09-14 03:29:31";"2020-09-14 03:29:31";20
494;14;"2020-10-09 18:00:31";"2020-09-14 03:29:31";"2020-09-14 03:29:31";20
495;14;"2020-09-25 18:00:31";"2020-09-14 03:29:31";"2020-09-14 03:29:31";20
496;14;"2020-10-02 18:00:31";"2020-09-14 03:29:31";"2020-09-14 03:29:31";20
497;14;"2020-10-23 18:00:31";"2020-09-14 03:29:31";"2020-09-14 03:29:31";20
498;14;"2020-10-30 18:00:31";"2020-09-14 03:29:31";"2020-09-14 03:29:31";20
499;14;"2020-11-13 19:00:31";"2020-09-14 03:29:31";"2020-09-14 03:29:31";20
500;14;"2020-11-20 19:00:31";"2020-09-14 03:29:31";"2020-09-14 03:29:31";20
501;14;"2020-11-27 19:00:31";"2020-09-14 03:29:31";"2020-09-14 03:29:31";20
502;14;"2020-11-06 19:00:31";"2020-09-14 03:29:31";"2020-09-14 03:29:31";20
503;14;"2020-10-16 18:00:31";"2020-09-14 03:29:31";"2020-09-14 03:29:31";20
504;14;"2020-12-04 19:00:31";"2020-09-14 03:29:31";"2020-09-14 03:29:31";20
505;14;"2020-12-11 19:00:31";"2020-09-14 03:29:31";"2020-09-14 03:29:31";20
506;10;"2020-09-13 14:00:04";"2020-09-14 03:30:04";"2020-09-14 03:30:04";4
507;10;"2020-09-20 14:00:04";"2020-09-14 03:30:04";"2020-09-14 03:30:04";4
508;10;"2020-10-11 14:00:04";"2020-09-14 03:30:04";"2020-09-14 03:30:04";4
509;10;"2020-09-27 14:00:04";"2020-09-14 03:30:04";"2020-09-14 03:30:04";4
510;10;"2020-10-04 14:00:04";"2020-09-14 03:30:04";"2020-09-14 03:30:04";4
511;10;"2020-10-25 14:00:04";"2020-09-14 03:30:04";"2020-09-14 03:30:04";4
512;10;"2020-11-08 15:00:04";"2020-09-14 03:30:04";"2020-09-14 03:30:04";4
513;10;"2020-11-15 15:00:04";"2020-09-14 03:30:04";"2020-09-14 03:30:04";4
514;10;"2020-11-01 15:00:04";"2020-09-14 03:30:04";"2020-09-14 03:30:04";4
515;10;"2020-10-18 14:00:04";"2020-09-14 03:30:04";"2020-09-14 03:30:04";4
516;10;"2020-11-22 15:00:04";"2020-09-14 03:30:04";"2020-09-14 03:30:04";4
517;10;"2020-11-29 15:00:04";"2020-09-14 03:30:04";"2020-09-14 03:30:04";4
518;10;"2020-12-06 15:00:04";"2020-09-14 03:30:04";"2020-09-14 03:30:04";4
519;10;"2020-12-13 15:00:04";"2020-09-14 03:30:04";"2020-09-14 03:30:04";4
520;11;"2020-09-13 15:00:25";"2020-09-14 03:30:25";"2020-09-14 03:30:25";22
521;11;"2020-09-20 15:00:25";"2020-09-14 03:30:25";"2020-09-14 03:30:25";22
522;11;"2020-09-27 15:00:25";"2020-09-14 03:30:25";"2020-09-14 03:30:25";22
523;11;"2020-10-04 15:00:25";"2020-09-14 03:30:25";"2020-09-14 03:30:25";22
524;11;"2020-10-25 15:00:25";"2020-09-14 03:30:25";"2020-09-14 03:30:25";22
525;11;"2020-11-01 16:00:25";"2020-09-14 03:30:25";"2020-09-14 03:30:25";22
526;11;"2020-11-08 16:00:25";"2020-09-14 03:30:25";"2020-09-14 03:30:25";22
527;11;"2020-10-18 15:00:25";"2020-09-14 03:30:25";"2020-09-14 03:30:25";22
528;11;"2020-10-11 15:00:25";"2020-09-14 03:30:25";"2020-09-14 03:30:25";22
529;11;"2020-11-15 16:00:25";"2020-09-14 03:30:25";"2020-09-14 03:30:25";22
530;11;"2020-11-22 16:00:25";"2020-09-14 03:30:25";"2020-09-14 03:30:25";22
531;11;"2020-11-29 16:00:25";"2020-09-14 03:30:25";"2020-09-14 03:30:25";22
532;11;"2020-12-06 16:00:25";"2020-09-14 03:30:25";"2020-09-14 03:30:25";22
533;11;"2020-12-13 16:00:25";"2020-09-14 03:30:25";"2020-09-14 03:30:25";22
534;15;"2020-09-11 19:00:09";"2020-09-14 03:31:09";"2020-09-14 03:31:09";23
535;15;"2020-09-18 19:00:09";"2020-09-14 03:31:09";"2020-09-14 03:31:09";23
536;15;"2020-10-09 19:00:09";"2020-09-14 03:31:09";"2020-09-14 03:31:09";23
537;15;"2020-09-25 19:00:09";"2020-09-14 03:31:09";"2020-09-14 03:31:09";23
538;15;"2020-10-02 19:00:09";"2020-09-14 03:31:09";"2020-09-14 03:31:09";23
539;15;"2020-10-23 19:00:09";"2020-09-14 03:31:09";"2020-09-14 03:31:09";23
540;15;"2020-10-30 19:00:09";"2020-09-14 03:31:09";"2020-09-14 03:31:09";23
541;15;"2020-11-13 20:00:09";"2020-09-14 03:31:09";"2020-09-14 03:31:09";23
542;15;"2020-11-20 20:00:09";"2020-09-14 03:31:09";"2020-09-14 03:31:09";23
543;15;"2020-11-27 20:00:09";"2020-09-14 03:31:09";"2020-09-14 03:31:09";23
544;15;"2020-11-06 20:00:09";"2020-09-14 03:31:09";"2020-09-14 03:31:09";23
545;15;"2020-10-16 19:00:09";"2020-09-14 03:31:09";"2020-09-14 03:31:09";23
546;15;"2020-12-04 20:00:09";"2020-09-14 03:31:09";"2020-09-14 03:31:09";23
547;15;"2020-12-11 20:00:09";"2020-09-14 03:31:09";"2020-09-14 03:31:09";23
548;16;"2020-09-18 20:00:34";"2020-09-14 03:31:34";"2020-09-14 03:31:34";24
549;16;"2020-09-25 20:00:34";"2020-09-14 03:31:34";"2020-09-14 03:31:34";24
550;16;"2020-10-16 20:00:34";"2020-09-14 03:31:34";"2020-09-14 03:31:34";24
551;16;"2020-10-02 20:00:34";"2020-09-14 03:31:34";"2020-09-14 03:31:34";24
552;16;"2020-10-09 20:00:34";"2020-09-14 03:31:34";"2020-09-14 03:31:34";24
553;16;"2020-10-30 20:00:34";"2020-09-14 03:31:34";"2020-09-14 03:31:34";24
554;16;"2020-11-06 21:00:34";"2020-09-14 03:31:34";"2020-09-14 03:31:34";24
555;16;"2020-11-20 21:00:34";"2020-09-14 03:31:34";"2020-09-14 03:31:34";24
556;16;"2020-11-27 21:00:34";"2020-09-14 03:31:34";"2020-09-14 03:31:34";24
557;16;"2020-12-04 21:00:34";"2020-09-14 03:31:34";"2020-09-14 03:31:34";24
558;16;"2020-11-13 21:00:34";"2020-09-14 03:31:34";"2020-09-14 03:31:34";24
559;16;"2020-10-23 20:00:34";"2020-09-14 03:31:34";"2020-09-14 03:31:34";24
560;16;"2020-12-11 21:00:34";"2020-09-14 03:31:34";"2020-09-14 03:31:34";24
561;17;"2020-09-18 21:00:05";"2020-09-14 03:32:05";"2020-09-14 03:32:05";25
562;17;"2020-09-25 21:00:05";"2020-09-14 03:32:05";"2020-09-14 03:32:05";25
563;17;"2020-10-16 21:00:05";"2020-09-14 03:32:05";"2020-09-14 03:32:05";25
564;17;"2020-10-02 21:00:05";"2020-09-14 03:32:05";"2020-09-14 03:32:05";25
565;17;"2020-10-09 21:00:05";"2020-09-14 03:32:05";"2020-09-14 03:32:05";25
566;17;"2020-10-30 21:00:05";"2020-09-14 03:32:05";"2020-09-14 03:32:05";25
567;17;"2020-11-13 22:00:05";"2020-09-14 03:32:05";"2020-09-14 03:32:05";25
568;17;"2020-11-20 22:00:05";"2020-09-14 03:32:05";"2020-09-14 03:32:05";25
569;17;"2020-11-06 22:00:05";"2020-09-14 03:32:05";"2020-09-14 03:32:05";25
570;17;"2020-10-23 21:00:05";"2020-09-14 03:32:05";"2020-09-14 03:32:05";25
571;17;"2020-11-27 22:00:05";"2020-09-14 03:32:05";"2020-09-14 03:32:05";25
572;17;"2020-12-04 22:00:05";"2020-09-14 03:32:05";"2020-09-14 03:32:05";25
573;17;"2020-12-11 22:00:05";"2020-09-14 03:32:05";"2020-09-14 03:32:05";25
574;18;"2020-09-18 22:00:40";"2020-09-14 03:32:40";"2020-09-14 03:32:40";26
575;18;"2020-09-25 22:00:40";"2020-09-14 03:32:40";"2020-09-14 03:32:40";26
576;18;"2020-10-23 22:00:40";"2020-09-14 03:32:40";"2020-09-14 03:32:40";26
577;18;"2020-10-02 22:00:40";"2020-09-14 03:32:40";"2020-09-14 03:32:40";26
578;18;"2020-10-09 22:00:40";"2020-09-14 03:32:40";"2020-09-14 03:32:40";26
579;18;"2020-10-16 22:00:40";"2020-09-14 03:32:40";"2020-09-14 03:32:40";26
580;18;"2020-11-06 23:00:40";"2020-09-14 03:32:40";"2020-09-14 03:32:40";26
581;18;"2020-11-13 23:00:40";"2020-09-14 03:32:40";"2020-09-14 03:32:40";26
582;18;"2020-11-20 23:00:40";"2020-09-14 03:32:40";"2020-09-14 03:32:40";26
583;18;"2020-11-27 23:00:40";"2020-09-14 03:32:40";"2020-09-14 03:32:40";26
584;18;"2020-10-30 22:00:40";"2020-09-14 03:32:40";"2020-09-14 03:32:40";26
585;18;"2020-12-04 23:00:40";"2020-09-14 03:32:40";"2020-09-14 03:32:40";26
586;18;"2020-12-11 23:00:40";"2020-09-14 03:32:40";"2020-09-14 03:32:40";26
587;19;"2020-09-18 23:00:24";"2020-09-14 03:33:24";"2020-09-14 03:33:24";27
588;19;"2020-09-25 23:00:24";"2020-09-14 03:33:24";"2020-09-14 03:33:24";27
589;19;"2020-10-16 23:00:24";"2020-09-14 03:33:24";"2020-09-14 03:33:24";27
590;19;"2020-10-02 23:00:24";"2020-09-14 03:33:24";"2020-09-14 03:33:24";27
591;19;"2020-10-09 23:00:24";"2020-09-14 03:33:24";"2020-09-14 03:33:24";27
592;19;"2020-10-30 23:00:24";"2020-09-14 03:33:24";"2020-09-14 03:33:24";27
593;19;"2020-11-14 00:00:24";"2020-09-14 03:33:24";"2020-09-14 03:33:24";27
594;19;"2020-11-21 00:00:24";"2020-09-14 03:33:24";"2020-09-14 03:33:24";27
595;19;"2020-11-07 00:00:24";"2020-09-14 03:33:24";"2020-09-14 03:33:24";27
596;19;"2020-10-23 23:00:24";"2020-09-14 03:33:24";"2020-09-14 03:33:24";27
597;19;"2020-11-28 00:00:24";"2020-09-14 03:33:24";"2020-09-14 03:33:24";27
598;19;"2020-12-05 00:00:24";"2020-09-14 03:33:24";"2020-09-14 03:33:24";27
599;19;"2020-12-12 00:00:24";"2020-09-14 03:33:24";"2020-09-14 03:33:24";27
600;10;"2020-09-19 14:00:46";"2020-09-14 03:33:46";"2020-09-14 03:33:46";4
601;10;"2020-09-26 14:00:46";"2020-09-14 03:33:46";"2020-09-14 03:33:46";4
602;10;"2020-10-17 14:00:46";"2020-09-14 03:33:46";"2020-09-14 03:33:46";4
603;10;"2020-10-03 14:00:46";"2020-09-14 03:33:46";"2020-09-14 03:33:46";4
604;10;"2020-10-10 14:00:46";"2020-09-14 03:33:46";"2020-09-14 03:33:46";4
605;10;"2020-10-31 14:00:46";"2020-09-14 03:33:46";"2020-09-14 03:33:46";4
606;10;"2020-11-14 15:00:46";"2020-09-14 03:33:46";"2020-09-14 03:33:46";4
607;10;"2020-11-21 15:00:46";"2020-09-14 03:33:46";"2020-09-14 03:33:46";4
608;10;"2020-11-07 15:00:46";"2020-09-14 03:33:46";"2020-09-14 03:33:46";4
609;10;"2020-10-24 14:00:46";"2020-09-14 03:33:46";"2020-09-14 03:33:46";4
610;10;"2020-11-28 15:00:46";"2020-09-14 03:33:46";"2020-09-14 03:33:46";4
611;10;"2020-12-05 15:00:46";"2020-09-14 03:33:46";"2020-09-14 03:33:46";4
612;10;"2020-12-12 15:00:46";"2020-09-14 03:33:46";"2020-09-14 03:33:46";4
613;11;"2020-09-19 15:00:12";"2020-09-14 03:34:12";"2020-09-14 03:34:12";20
614;11;"2020-09-26 15:00:12";"2020-09-14 03:34:12";"2020-09-14 03:34:12";20
615;11;"2020-10-17 15:00:12";"2020-09-14 03:34:12";"2020-09-14 03:34:12";20
616;11;"2020-10-03 15:00:12";"2020-09-14 03:34:12";"2020-09-14 03:34:12";20
617;11;"2020-10-10 15:00:12";"2020-09-14 03:34:12";"2020-09-14 03:34:12";20
618;11;"2020-11-07 16:00:12";"2020-09-14 03:34:12";"2020-09-14 03:34:12";20
619;11;"2020-10-31 15:00:12";"2020-09-14 03:34:12";"2020-09-14 03:34:12";20
620;11;"2020-11-14 16:00:12";"2020-09-14 03:34:12";"2020-09-14 03:34:12";20
621;11;"2020-10-24 15:00:12";"2020-09-14 03:34:12";"2020-09-14 03:34:12";20
622;11;"2020-11-21 16:00:12";"2020-09-14 03:34:12";"2020-09-14 03:34:12";20
623;11;"2020-11-28 16:00:12";"2020-09-14 03:34:12";"2020-09-14 03:34:12";20
624;11;"2020-12-05 16:00:12";"2020-09-14 03:34:12";"2020-09-14 03:34:12";20
625;11;"2020-12-12 16:00:12";"2020-09-14 03:34:12";"2020-09-14 03:34:12";20
626;12;"2020-09-19 16:00:35";"2020-09-14 03:34:35";"2020-09-14 03:34:35";7
627;12;"2020-09-26 16:00:35";"2020-09-14 03:34:35";"2020-09-14 03:34:35";7
628;12;"2020-10-03 16:00:35";"2020-09-14 03:34:35";"2020-09-14 03:34:35";7
629;12;"2020-10-17 16:00:35";"2020-09-14 03:34:35";"2020-09-14 03:34:35";7
630;12;"2020-10-31 16:00:35";"2020-09-14 03:34:35";"2020-09-14 03:34:35";7
631;12;"2020-10-10 16:00:35";"2020-09-14 03:34:35";"2020-09-14 03:34:35";7
632;12;"2020-10-24 16:00:35";"2020-09-14 03:34:35";"2020-09-14 03:34:35";7
633;12;"2020-11-07 17:00:35";"2020-09-14 03:34:35";"2020-09-14 03:34:35";7
634;12;"2020-11-21 17:00:35";"2020-09-14 03:34:35";"2020-09-14 03:34:35";7
635;12;"2020-11-28 17:00:35";"2020-09-14 03:34:35";"2020-09-14 03:34:35";7
636;12;"2020-11-14 17:00:35";"2020-09-14 03:34:35";"2020-09-14 03:34:35";7
637;12;"2020-12-05 17:00:35";"2020-09-14 03:34:35";"2020-09-14 03:34:35";7
638;12;"2020-12-12 17:00:35";"2020-09-14 03:34:35";"2020-09-14 03:34:35";7
639;13;"2020-09-19 17:00:09";"2020-09-14 03:35:09";"2020-09-14 03:35:09";19
640;13;"2020-09-26 17:00:09";"2020-09-14 03:35:09";"2020-09-14 03:35:09";19
641;13;"2020-10-17 17:00:09";"2020-09-14 03:35:09";"2020-09-14 03:35:09";19
642;13;"2020-10-03 17:00:09";"2020-09-14 03:35:09";"2020-09-14 03:35:09";19
643;13;"2020-10-10 17:00:09";"2020-09-14 03:35:09";"2020-09-14 03:35:09";19
644;13;"2020-11-07 18:00:09";"2020-09-14 03:35:09";"2020-09-14 03:35:09";19
645;13;"2020-10-31 17:00:09";"2020-09-14 03:35:09";"2020-09-14 03:35:09";19
646;13;"2020-10-24 17:00:09";"2020-09-14 03:35:09";"2020-09-14 03:35:09";19
647;13;"2020-11-14 18:00:09";"2020-09-14 03:35:09";"2020-09-14 03:35:09";19
648;13;"2020-11-21 18:00:09";"2020-09-14 03:35:09";"2020-09-14 03:35:09";19
649;13;"2020-11-28 18:00:09";"2020-09-14 03:35:09";"2020-09-14 03:35:09";19
650;13;"2020-12-05 18:00:09";"2020-09-14 03:35:09";"2020-09-14 03:35:09";19
651;13;"2020-12-12 18:00:09";"2020-09-14 03:35:09";"2020-09-14 03:35:09";19
652;14;"2020-09-19 18:00:29";"2020-09-14 03:35:29";"2020-09-14 03:35:29";7
653;14;"2020-09-26 18:00:29";"2020-09-14 03:35:29";"2020-09-14 03:35:29";7
654;14;"2020-10-17 18:00:29";"2020-09-14 03:35:29";"2020-09-14 03:35:29";7
655;14;"2020-10-03 18:00:29";"2020-09-14 03:35:29";"2020-09-14 03:35:29";7
656;14;"2020-10-10 18:00:29";"2020-09-14 03:35:29";"2020-09-14 03:35:29";7
657;14;"2020-11-07 19:00:29";"2020-09-14 03:35:29";"2020-09-14 03:35:29";7
658;14;"2020-10-31 18:00:29";"2020-09-14 03:35:29";"2020-09-14 03:35:29";7
659;14;"2020-10-24 18:00:29";"2020-09-14 03:35:29";"2020-09-14 03:35:29";7
660;14;"2020-11-14 19:00:29";"2020-09-14 03:35:29";"2020-09-14 03:35:29";7
661;14;"2020-11-21 19:00:29";"2020-09-14 03:35:29";"2020-09-14 03:35:29";7
662;14;"2020-11-28 19:00:29";"2020-09-14 03:35:29";"2020-09-14 03:35:29";7
663;14;"2020-12-05 19:00:29";"2020-09-14 03:35:29";"2020-09-14 03:35:29";7
664;14;"2020-12-12 19:00:29";"2020-09-14 03:35:29";"2020-09-14 03:35:29";7
